Y,Mdat,tt,R,Cdat.V1,Cdat.V2,Cdat.V3,id
0,0,0,0,-0.5993288484782102,-1.6352175033108913,-0.841058059450034,1
0,0,0,0,-0.022203767612600945,0.072852947369657,-0.9324954119955047,2
1,1,1,1,-0.00637206453241448,0.41317264219064753,0.21075778913232757,3
1,1,1,1,-0.060118546993273875,1.1709435301231617,0.8632721225719259,4
1,1,1,0,0.09289208548793856,1.548310467202522,-0.3413241244788577,5
0,0,1,0,-0.00844982134967537,1.5273224822874316,-0.5723848946571658,6
1,1,0,1,2.6462229840076907,-0.2875116292196945,0.6922429721228595,7
0,0,1,1,2.178719362441078,-0.9074921362699303,-0.21300990780679815,8
0,1,0,1,-0.3365575078466781,-1.019406911188492,1.5330725059800099,9
0,1,0,0,-0.9077648089007809,-2.0076662756219714,-1.07766455168021,10
0,0,0,0,0.20573977533831855,-0.6609547224541227,-0.6349604740891438,11
1,1,0,0,-0.44604493432110565,0.09953393801377182,-0.2870723905010751,12
1,1,1,0,2.569086598402956,0.6241676183429101,-0.17459035182212765,13
0,0,0,1,0.31103276968062143,-0.15121184779757252,0.4860835014386941,14
1,0,0,0,-1.4981487521717514,1.338788365308058,-0.3551083187119946,15
0,0,1,0,1.017917735124818,0.7191805433295343,-1.4073176878386078,16
1,1,0,0,-0.9077577474410712,-0.32129253888734927,-0.37906621396331275,17
1,1,1,1,0.22084615069154323,1.2461042235232986,-0.884089674842896,18
1,1,1,0,-0.29854726299349077,-0.7549766533519706,1.6405665183227847,19
0,0,0,0,0.4081859689369769,-1.764663009801381,0.7886909811848106,20
1,1,0,1,1.8986278576286773,-0.02832555073704381,0.25683763372089274,21
1,1,1,1,-0.7781215893250032,1.6277303618668928,0.9925053448151862,22
0,0,0,0,0.2143899662421585,-0.9076005398826879,-2.3175993026577406,23
0,0,0,0,-0.3463752219030639,0.2786043021394472,-0.21932217269736107,24
0,0,0,0,-0.6923560937245364,-1.0574322689357913,-0.6326994078968874,25
0,0,1,0,-0.9149070362680405,-2.3429664375700927,-1.7583942120065292,26
1,1,1,1,0.6246846595615337,2.0557653079849407,0.7632527188399764,27
0,0,1,0,-0.6034322641739979,0.32102352486129015,-0.8974781212891906,28
1,1,1,1,1.718883920845444,-0.724021792160938,0.6407641654758193,29
0,0,0,1,-0.25007469019096235,-1.0663802778269034,-0.2519574880613532,30
1,1,0,1,-0.1350320801894676,0.465737817882623,-0.23867720590264682,31
0,1,1,0,-0.2017601825486054,-0.0692632153584941,0.11830934523275674,32
0,0,0,0,-0.22237564334366003,-0.04128415737036948,-1.4361129004958781,33
0,0,1,0,-1.0815091892312154,-0.674341763090166,0.010468690091359485,34
0,0,0,0,0.6522403100913047,-0.5599043148429967,-0.6220279226911284,35
1,1,0,1,-1.4017095888432023,0.4769301125538348,0.8208889195937121,36
0,0,1,0,-0.26048132006146046,1.3114249760207661,0.2583557720469315,37
0,1,0,1,-0.5468631309483989,-0.6356239635997827,-0.8068832896195881,38
0,0,0,0,-1.0119321048160275,-1.7314111313357332,0.24401952431668142,39
1,1,1,1,0.5102871017768271,0.518057173463225,0.5631019740900268,40
0,0,0,1,0.22680928572012976,-0.6680542301911713,-0.8642307962514081,41
1,0,0,0,-0.40794655431389487,-1.8492819227856918,0.7838497060355557,42
0,0,0,0,0.7895533589875091,0.2234861180689586,0.42649474875838833,43
1,1,1,1,-0.30716602199645926,0.6584909941979744,-0.3253151498481716,44
1,1,1,1,-0.05370208786337806,-0.20490311616788465,0.23898261358715123,45
1,1,1,0,1.1991708570096402,2.200167552282318,-0.15579336039848332,46
0,0,1,1,-0.09151486627156633,-1.4897208659183214,1.6636710313923708,47
1,1,1,1,1.0596567630035651,0.7266369258638824,-0.1929834279084003,48
0,1,0,1,0.6784362798018853,0.6930327898929647,-0.7716443218974977,49
0,0,1,0,-0.32090841089371225,0.5876088019028636,-0.1327004217770566,50
1,1,1,1,0.991811307895504,1.0284396202814108,1.2484678591851865,51
1,1,1,0,-1.5405881072772147,0.6795573523570576,-0.07784909185442535,52
1,1,1,1,1.5261607518220264,-0.22650565737029277,0.34330107259294246,53
1,1,0,0,-1.2235380895600874,-0.07121051069734585,0.0943578958637712,54
1,1,1,1,-0.10811090904197615,-0.5028657179466485,0.6910741899420617,55
0,0,0,0,0.5327560871887944,-1.4472898603324569,-1.4802837627522591,56
0,1,1,0,0.49657805501018654,-1.6022384543853998,-0.5937984743407779,57
1,1,1,1,0.39115468385502594,0.5662343947596078,1.6188979969349258,58
0,0,1,0,0.47664471208273934,0.010779134799625426,-0.7551755743476642,59
1,1,1,1,0.7626298391702282,0.8576344402789395,-0.33578079474695266,60
0,0,1,0,0.1676370350598872,-1.2013463315584345,-2.5827673124343673,61
0,0,0,0,0.22270779993256803,-1.40481856489202,0.6275654499345887,62
1,1,1,1,0.2900862272012422,-0.14515821249965183,0.6912327080291162,63
1,1,1,1,1.192916780559937,-0.913709612746867,0.3306348022945428,64
0,0,0,1,-0.5672674871425707,0.011834650939487495,-1.1238845533446404,65
1,1,1,1,0.43010643144635236,0.7047176204086052,-0.22069705414767107,66
0,0,1,0,-0.26427769673663526,-1.0387742752869336,-0.7449061335124912,67
0,0,1,0,0.8912003640501034,0.1490748787026262,-1.0745897420726902,68
0,1,0,1,-1.1759491313449097,0.35648249087624284,-1.7166088292265913,69
1,0,0,0,1.518438335440698,0.07475432253359923,-1.2421118710887216,70
1,1,1,1,-0.5675217114428337,0.5184781640099306,0.5876282716111993,71
1,1,0,1,1.1261367078645266,-1.001699724655091,0.6996842646196308,72
0,0,1,0,-0.9230579680490187,-1.2508948322971851,-1.6151513040082464,73
1,1,0,1,1.2594668009539802,1.212102294580802,-0.3597139553356339,74
1,1,1,1,0.5876931751178348,0.1997420276753344,0.9952686174426478,75
1,1,0,1,0.6823034290057102,1.4260840646922617,2.7163904284825153,76
1,1,1,0,-0.2735028298523824,-0.015492386986771503,1.2827763644134627,77
1,1,0,1,0.9652574239177072,2.2487837222177665,-1.8992804574516187,78
1,1,0,0,1.6477322651491844,-0.7065942930911023,-0.1869692933623859,79
0,0,1,1,1.7174486522440597,-0.20931273153811342,-0.3251831784671513,80
1,1,1,1,-0.2056939620666377,0.9179494862445099,-1.370470787824419,81
1,1,1,1,-0.35992792322767125,0.9294962943800816,2.8113065986514205,82
1,1,1,1,-1.245594301053301,2.0003560290419258,-2.3744083296649277,83
0,0,0,0,-0.6240794692117906,-0.17309307755327222,-1.2319310911069112,84
1,1,0,0,-0.5726338790893886,1.5385189527955867,-0.7135463288004615,85
1,1,1,1,0.6541935971054296,0.23819199046925432,1.498464511858327,86
0,1,0,0,0.09713662044188452,-0.5322711299217678,-0.0492530858563533,87
1,1,1,1,0.5830826736273188,0.16689402320301983,0.9530509966523465,88
0,0,0,0,-0.21990815339820013,-3.1198935996046906,1.8872683128653955,89
1,1,1,1,1.1585155104383973,0.24882734800554365,1.0997961748569003,90
0,0,0,0,-1.8021463117061205,-0.14995692459727233,0.23096498052299688,91
1,1,0,0,-0.8992104770300341,1.8483162403213398,-0.052443879072814475,92
1,1,1,1,0.17507132146367457,0.36795619161378534,-1.3070164181453754,93
1,1,1,1,1.4509658615355328,-0.6361681173542159,1.0770384906935686,94
1,0,0,0,-0.32073216676966443,1.2190793951958487,-2.1122669300354384,95
0,0,1,1,-0.5945201614028187,-1.0456493727733702,2.549842074871634,96
0,1,0,1,-0.9665577198040977,-0.03514348031098065,0.27288414119122273,97
0,0,0,0,-2.028015572244406,-1.242553394125429,-0.28198310486471245,98
0,0,0,0,-0.744003907304815,1.4855726984740367,0.42370552738925155,99
0,1,0,0,-1.1220680558504323,-0.709867458552035,-0.4339644412566565,100
1,1,0,0,0.832802254780573,-0.5039828421193157,-1.078871628376828,101
0,0,1,1,-1.847213466671343,-0.8750548916843381,0.9359075991325335,102
0,0,0,0,-1.2743012905789208,-1.001246042780238,-0.11795213434775466,103
1,1,0,1,0.47743199281015664,0.867852226800672,1.7149991583545972,104
1,1,1,0,1.1327289382887267,-0.09100990697926017,2.180676229919558,105
0,0,1,0,-2.2616554216622458,1.2203216796682597,-0.39998350458708787,106
0,0,0,0,-2.0347489673724457,0.42126994815515534,-2.022590058123415,107
0,0,1,0,-0.38509748078339223,0.7285677695303867,-0.05439899451653812,108
0,0,0,0,-0.22388564050883272,0.5973877064036454,-1.3570035861213283,109
1,1,0,0,-0.0018541594589130492,0.22162524316235702,-1.3212418459520536,110
0,1,1,0,-0.34817266048824164,1.6502307481044258,1.1575359476412592,111
0,0,0,0,0.4591955211117698,-1.019063481989082,1.097304653516441,112
1,1,1,1,-0.3582591423511829,2.3153048532423472,0.6598787341111632,113
1,1,1,1,1.5587121134701785,1.571130194511669,0.009233198658698281,114
1,1,1,1,-1.6853727151743743,0.26998444190482623,-0.0035913907865907395,115
0,1,0,1,0.017584235490410407,-0.21982474231753618,0.27546153736028056,116
0,1,1,0,-0.4241380091535841,-0.7810977695531846,0.040774957835457745,117
1,1,0,1,1.016426660253819,0.6014993791935948,1.5347941499036497,118
0,1,0,0,0.09134991320589375,-2.6141254781141763,-0.21047437874522545,119
1,0,0,0,0.3785071452816925,-0.7812746418440475,-0.25308567718829467,120
1,1,0,0,0.2970276795475437,0.3815575865452985,0.9752394691858828,121
1,1,0,0,-1.1292562488414095,-0.49959754419146446,-2.1829300341397824,122
1,1,1,1,-0.3175475078487585,-0.5191500709287463,0.09196341207249341,123
0,0,1,1,-0.42975914786063274,0.6595784727976888,0.159987240910294,124
0,0,0,0,-0.9648063637315372,0.10530569202672783,0.685726632271455,125
1,1,1,1,1.036129418023363,0.8363676268278896,-1.7618818092680828,126
0,0,1,1,-0.4857562139610567,-1.506231906757276,1.2270996007812907,127
0,1,0,0,-2.6942898705722262,-0.18329857432094465,-0.19313443696197274,128
1,1,1,1,0.7726974278822626,0.7690015144083232,0.21622306113495052,129
1,1,0,0,-0.7641811939430043,-1.8559168275717417,1.3773953999878008,130
1,1,1,0,-0.7597627857144352,1.4650123246989943,-1.407630160303941,131
1,1,0,1,1.5941533605698155,-0.05114623279644833,-2.1287077482115304,132
1,1,0,1,-0.04995859498530362,-0.13882852784033603,-0.48431677325059136,133
0,0,0,1,0.5469623399881008,-0.8388107742359519,1.157181848857072,134
1,1,0,1,-1.1942956584026836,1.2697886524137136,1.4947990593139378,135
1,1,0,1,-0.19346959645382572,2.281255198397508,-0.4279108015686031,136
0,1,1,1,-0.2134097788537531,0.4354257032221454,0.32235187428107526,137
1,1,0,0,0.6452219721742174,-1.3747862836894473,0.5106392326930398,138
0,0,1,0,0.8559190168115136,-1.6539471789523936,-0.8629052270554252,139
1,0,0,1,0.18405970377683506,-0.12194633799908632,1.673418400016531,140
0,0,0,0,-1.3513031118528354,-1.4580566103269657,1.0636497794674378,141
1,1,0,1,1.1131761071177075,1.6444692697602608,-1.9639568866668125,142
0,0,1,1,-1.4962598440831099,0.6341828778406533,0.2775879522639957,143
0,0,1,0,-1.72923169725159,0.3373741407287598,-0.08625851946370264,144
1,1,1,1,0.7739874026979668,-0.15646723563037943,-0.5424286532898718,145
1,1,1,0,-0.6466689231506547,1.3718503431671707,1.953957607927261,146
0,0,1,0,-0.3515687846600721,-0.08232194413130849,0.8220171508471487,147
1,1,0,1,0.559388362575618,0.2341457102951273,0.6917171007812315,148
0,0,1,1,-0.5317699715720939,-0.80877201254714,0.9476946056772156,149
1,0,1,0,-0.5340539760984256,-0.0895211192543731,0.5153468955539963,150
1,1,1,1,1.5686295941319135,0.9791261922951526,-1.5298759262102122,151
1,1,0,0,-0.1338435232070641,2.340653546973578,0.7970057421396859,152
1,1,0,0,-0.55838958571216335,0.8359183475932526,-1.154838705664321,153
1,1,0,1,0.07531002671893658,0.69081060521168,0.9793396816022669,154
0,0,1,1,0.4305046883583704,-0.4856839680920992,-0.14510449192568747,155
0,0,0,0,0.19146178978454365,-1.1732782098643721,0.5146614128931256,156
1,1,0,0,-0.8521700615862469,2.1930187878909497,1.8152794518704216,157
0,1,0,1,1.024519586022992,-1.5113882540414234,-1.136488375648034,158
0,0,0,0,-0.10288696842994655,-3.083627929129628,-1.5287541430102232,159
1,0,0,0,-1.624052432372378,-0.0691865123213801,-0.3381573299784375,160
1,1,0,0,-1.6201196328930554,-0.014687254756514338,-1.1216559971311175,161
0,0,1,0,-0.9646746980635816,1.1153581439278957,0.02299706131593088,162
0,1,1,0,0.5953411177394494,-0.444457945704312,0.2236857638631051,163
1,0,0,0,-0.11305346362107088,-0.48078381800307063,0.277334864883313,164
1,1,1,1,-0.3655856893175008,0.25844916797183065,1.1659204339462585,165
1,1,1,1,-0.7528715584897225,0.16227027890688497,-0.6687981037177909,166
1,1,1,1,-1.1938257938367105,-0.5765507206621031,0.22285302071674862,167
0,0,1,0,-0.9546829257225258,-0.12636425267387344,-0.6813491873017019,168
1,1,1,1,0.36321768419344935,-0.038747166106608076,-0.2873715250974669,169
0,0,0,1,1.2252968577268257,-0.17439075575771829,-0.25428150891498613,170
1,1,1,1,0.4835121853013285,0.4639310425232724,-0.3892768103707114,171
1,1,1,1,-0.5994032638147689,1.7518468427357596,0.11562292960105525,172
0,1,0,0,-1.2560777500835243,-0.3484779070518433,-0.5740367673134544,173
1,1,1,1,1.054523963966639,0.5548446180775477,0.6227156946587811,174
1,1,1,1,-0.5952466662052205,0.8213334607111754,1.2037790936409685,175
0,0,0,0,-0.5498668711747778,-1.6253133331982255,-1.7601950294549398,176
0,0,1,0,-1.0657715549062226,-1.6365981230215452,-0.4004039669143561,177
1,1,1,1,1.522695003079388,-0.9390838113285813,0.7775721598879225,178
0,0,1,0,0.36946952405965844,-0.2647612379883346,-0.5897281636069959,179
1,0,0,0,0.6835470102726157,-2.0421551469035957,-1.740822205171746,180
0,1,1,0,-0.5884724537507146,0.017592398936497427,-0.9701001510120486,181
1,0,0,0,0.6699585964473159,-0.10544440894574512,-0.5860584706774258,182
1,1,1,1,0.4056625692069376,-0.1833209560972667,0.8329895088832765,183
1,1,1,1,1.6774432957729934,2.1939048464246103,-0.10519740482444159,184
0,0,1,0,-0.4501536025714236,-0.6747936049777145,0.111788232594147,185
1,1,1,1,0.19350319924165468,1.1049046717617952,0.7494135260259148,186
0,1,1,0,-1.2603162395442886,-0.8858135275343583,-1.3078236099067433,187
1,1,1,1,-0.9220498746330008,2.315186715080653,1.8737092105853075,188
1,1,0,1,0.700529392787794,1.588113654742819,0.17567416668365546,189
0,1,0,1,1.927529250619396,0.8531410039124367,0.092702517098674,190
0,1,1,1,0.7795768630521362,-1.217053884768209,-0.1480691345351894,191
0,0,0,0,-1.9925274420877268,-0.21080857332166097,-0.14530946468307523,192
1,1,1,1,1.0915331214078023,1.271288201165969,0.6850520628285405,193
0,1,0,0,-0.6034961711897745,0.1500045493447991,-0.8148114248879179,194
0,0,1,0,-0.04863165444668711,-1.5164629639212615,-1.4064663022110917,195
0,0,0,1,0.027645226834147798,-0.3108099845986698,-0.32414368789350134,196
0,0,1,1,0.42446280131447245,0.6981708930888751,-0.5595573728274552,197
0,0,0,0,-0.1717686064787388,-0.825713460428341,-0.46351686229668065,198
0,0,0,0,-1.446306375225038,0.7699990923833124,0.25589265408189577,199
0,0,1,1,-0.6047199699831982,-0.8672787356437562,1.4857870080919284,200
1,1,1,1,1.9995598409066613,1.9360328416072585,1.4584617732084966,201
1,1,1,1,0.5038875255351265,1.9928541894169474,-0.04937384575697227,202
1,1,1,1,-0.2126985546560748,-0.9396555520556766,0.11898414609584859,203
1,1,0,1,1.2410978798985701,-1.83163643138402,0.7729188458716824,204
1,1,1,1,1.657831360182017,-0.5050803487235652,1.1437466930809717,205
1,0,1,0,0.26698805133628944,-0.9538021532901532,0.0862307256749651,206
1,1,1,1,0.03021239729910142,0.5358939651590496,0.4910414580637481,207
1,1,0,0,0.2157411169196248,-0.566497574016087,1.821202995776126,208
1,0,0,0,1.8153420361918386,-0.9351901602455405,-1.3256951040403109,209
1,1,0,0,0.7118779622584221,-0.09923545712080245,2.9754777883160903,210
1,1,1,1,1.1036121940061863,0.601914024213271,1.4328174233369624,211
0,1,0,0,0.41453881710996887,-0.8500197837788179,-0.8929166970926409,212
1,1,0,1,-0.5191223505729798,1.100155809112798,1.4383691839863701,213
1,1,0,0,-0.7372724805109967,1.1071743145508277,-0.4186662131868566,214
1,1,0,0,-0.5393231382554402,0.5981281908392886,-1.5428507356734713,215
1,1,1,1,1.01979330990866,-0.8396682475943048,-0.10716528973283761,216
0,0,0,0,-2.1714433676218525,-0.829335606898996,-1.3214426227940264,217
1,1,0,1,-0.34433290243554115,1.4275730197014402,-0.06103060747626792,218
0,0,1,0,-0.021625705343869754,-1.170251884353171,-0.0028928831985990705,219
1,1,0,0,-0.4430568645761833,-0.6317502170042281,1.0551765915529894,220
0,0,0,1,1.0922387926423585,-1.8712634324898663,0.3397168984539223,221
1,1,1,1,-2.4780783637737387,-0.366011036716751,0.5196331155581583,222
1,0,0,0,0.47299726499875944,1.3079558017622275,-2.1768628003548387,223
1,1,0,0,-0.13526950332154467,2.07186625366765,-2.647081230612342,224
0,0,1,0,0.796946265743746,-0.7309232252615504,-0.6363617879966647,225
1,1,0,1,-0.7378665167064404,-0.6670818620533865,2.304998943946823,226
1,1,1,1,1.3815059855200547,-0.5022218614611358,-0.07375595070527344,227
1,1,1,1,0.4079980054412876,1.2367284718696698,2.5817875418601957,228
1,1,1,1,0.49318037218449784,0.40382674735869034,1.2194871506613016,229
0,0,0,0,-1.1707253887497044,0.5600937582850264,-0.1307097389629554,230
1,1,0,0,0.8237066817485654,-0.6849599474751604,0.06550496055949884,231
0,0,1,0,-1.7968624064670424,-0.5382104405734475,-0.9282426434883924,232
1,1,0,0,-0.11237628917037214,0.9315558002544491,-0.49204232616848576,233
1,0,1,0,0.9277475560708569,0.2081915285742162,0.9596761865084975,234
1,1,0,1,0.6976604521042885,0.9803971290476443,0.5406938329186519,235
0,0,0,0,0.49503392767755017,1.0525081401532732,-1.0604792239494434,236
0,1,0,1,-0.11267863349382518,-0.2513107007146624,0.38355730950573064,237
0,0,0,1,-1.1659645017212015,-0.833526205268904,1.1333677199412726,238
1,1,0,1,0.6351910625062078,-0.13899412847059642,-0.903662762634337,239
0,0,0,1,-2.039162849498092,-0.21264784127623135,0.15279049323976945,240
1,1,1,1,0.5824724545203864,0.49287915032609797,0.5324829591925925,241
0,0,1,0,0.9571501412989243,-0.6475122394353942,0.5844760892817699,242
0,0,1,0,-0.764031343341077,-0.4018496019380019,0.17506365158813014,243
1,1,0,0,-1.1713774239797974,-0.41806048197199547,-0.17678948187226234,244
0,0,1,0,-0.7828512970065236,-0.996778828502772,0.20601161856037445,245
1,1,1,0,1.102192295502749,0.01297386816434174,-0.3263986616565327,246
1,1,0,0,-0.6272781744984303,-0.08812621680909125,0.2413193684348456,247
1,1,1,1,-0.13936064756188546,-0.022158252273077047,0.5560417850687223,248
0,0,1,1,0.5382532402987249,0.07789303750463775,-0.5249567351075927,249
0,0,0,1,-0.7197809846604333,0.27981337400364004,-0.9128019341936943,250
0,0,1,0,0.34623839069439133,-2.432498002686853,2.394362845925549,251
1,1,1,1,0.971806810593475,-0.3337795621535523,-0.5793416843720333,252
1,0,0,0,-0.9240356618718312,1.9890079081526095,0.06130280448885216,253
0,1,0,1,-1.1309034909720095,0.09594451081922122,-0.6172883177525834,254
1,1,0,1,-0.790769929320092,0.4207684857992346,0.9578141881763841,255
1,0,0,0,-0.35254936825315847,0.32246109334313894,0.5106054304437074,256
0,0,0,0,-0.7428553230351003,-1.3181966529790794,-1.0694706874664617,257
1,1,0,1,-2.4932037943534966,2.2415758946836535,0.22970587243595625,258
0,1,0,0,-1.003868500739721,-0.38407850606518357,-0.2835063905061285,259
0,0,1,0,-0.13764063500526766,0.23296523017633844,1.0736496052708644,260
1,1,0,1,-0.04613554967746747,1.6394377684921768,-2.0633442103561555,261
0,0,1,0,1.3197149983070586,-0.06713288202060395,-0.2981200735712559,262
1,0,0,0,-0.513230101142936,-0.054349876047847606,-0.056351362543600104,263
0,1,0,0,2.312354247228794,-2.1512927389685994,-0.3489489157031674,264
1,1,1,1,-1.0063175792804386,0.1464560585553868,0.8602781903244663,265
1,1,1,1,0.5386101839264208,-1.9636886340654574,0.6175272800338392,266
1,1,1,1,1.2125968099650597,1.242972285753181,-0.6499507997437868,267
0,1,1,0,1.4859230500461624,-0.23204251453992442,-0.23036458967502602,268
0,0,1,0,1.061766101992262,-0.8188708534942742,-2.5125134049234252,269
0,1,0,1,0.17570982089242485,2.251138621137868,-0.3612592374322386,270
0,0,1,0,-1.0217121898725245,-0.5070483775591061,1.0793952540084801,271
0,0,1,0,-0.6202134333201809,2.0002925318515064,1.4473218535553372,272
0,0,0,0,-0.13611226519142533,-0.6143623412534125,-0.2976558434742807,273
0,0,0,0,-0.861084102580603,0.6817864802929546,-1.5331441835972828,274
1,1,1,1,1.2236961831830713,0.442626036584104,1.564311297843695,275
0,0,1,1,0.9359072485973687,-0.6288185006059864,-0.6614623064136017,276
0,0,0,0,-1.6513205185010513,-0.281020136487936,-1.3496243162611383,277
1,1,1,1,2.0635157045219037,-0.17979007267566802,1.1509163022854656,278
1,1,1,1,-0.10691699376265315,-1.0483985532755116,0.37322377900573195,279
1,0,0,1,-0.40943089019923606,-0.499405098388308,1.1394380321558082,280
1,1,1,1,-0.5289083705430665,1.0071254620993713,2.5014663991119623,281
1,1,1,1,2.0690087255674823,-0.3806823445399963,0.6096068385071731,282
1,1,1,0,0.9775074513451673,-0.5958364560043369,0.7765169726403097,283
1,1,0,1,0.6672503409402368,-0.7994694668828648,-0.8982765137529237,284
1,0,1,0,-1.0276957681912098,1.1488746300416046,-0.1700003943379456,285
1,1,0,0,-0.5713050823141465,1.2365061776335384,-0.17581392602529639,286
1,1,0,1,0.05861011604141941,0.5308716472355463,1.9030852695798384,287
0,0,1,0,-0.7876654586722971,-0.9204597863826721,0.8300604641729029,288
0,0,1,0,-2.2425915100576757,0.09231354753320901,0.6532236423772755,289
0,0,0,0,0.06449850055793525,-0.2522094237401704,-1.698453350802766,290
1,1,1,0,2.2195906123575613,0.3698828659275371,-0.7188647558658559,291
1,1,0,1,3.0542580014624208,-0.027659982798175862,0.08491480896353557,292
1,1,1,1,-0.6225504108794234,0.4500676665134241,2.605459099654445,293
0,0,1,1,0.057594891805924385,-0.7607106584254626,-1.6078265981826465,294
0,0,1,0,-0.8796377259122943,-0.7871962661507388,0.0025138854239228647,295
0,0,1,0,0.9262731719989078,-0.22242409307558567,-0.25909385212114316,296
1,1,1,1,1.242113504164176,-1.1090913480187825,0.5665390790145897,297
0,0,0,0,-1.4037947259883694,-0.3881164379294563,-1.4517249795637932,298
0,0,1,0,-0.08046171101230801,-0.09790471863000429,0.0012882764686078382,299
1,1,1,1,-1.2364900437335826,0.9653217769348982,-0.997787436106803,300
1,0,0,0,-0.22182077303887326,0.08282984996478678,0.17579590244207416,301
1,1,1,1,0.9563065326739254,1.7478040646042863,-0.24467333955950593,302
0,0,0,0,-0.6965997282659881,-2.0405868925093893,0.7949423038828892,303
0,0,0,0,-1.114412771876191,-1.782419546498687,-2.0894400916387874,304
0,0,1,1,1.498573518697629,-0.2106070924934969,0.9320831170073668,305
1,1,1,1,0.4940122427840495,0.7874035073818401,0.2009063923361189,306
0,1,0,0,-1.4647418584048626,0.3794171095847292,-1.0066747061503358,307
1,1,1,1,-0.4900875955988087,0.8215619765407498,1.0688022913696147,308
1,1,1,1,0.8016214156867004,0.31950179646461563,0.2985634460905937,309
1,0,0,0,1.6569451197434624,-1.5197705071550267,-0.3176675114876231,310
0,0,0,0,-0.2538594830133898,-1.3612481614506529,-1.0764382060474114,311
1,1,1,1,2.1222218169796685,-0.7171305478052916,-1.1267580217774358,312
0,0,1,0,-1.9196520078853725,-1.1041361054037735,-1.167062940560791,313
1,1,1,1,1.7788634508770478,0.3850715021585894,0.48805729313923096,314
1,1,1,1,-0.9189020421581586,0.6890160419495411,1.49502728646968,315
1,1,1,1,2.0232117906714597,-0.6493925696643051,-0.3105440600342073,316
1,1,0,0,0.03956070695863935,-0.35154007384312935,0.24237669059136427,317
1,1,0,0,-1.033181174152197,-0.4274099300860584,0.5464789222790513,318
1,1,1,1,0.699393565235543,0.3741510414166792,1.5755244907605057,319
0,1,0,0,-1.224446896887318,0.6986600138874136,-0.09142142302196353,320
0,0,0,0,-0.4226436315332057,-0.31122464193614535,-0.036845533020207356,321
0,0,0,0,-2.019734755591572,-1.1818165040327029,-1.5382476534701464,322
0,0,1,0,-0.35773307766085677,-0.883312722426626,0.04994082395160229,323
1,1,0,0,0.6945157338160654,-1.1114692780033784,0.6034490807595398,324
1,1,1,1,2.309864438071409,-1.2503772563531506,0.841949695739906,325
0,0,1,1,0.591308517857512,-0.5799212275373804,0.7216247531775852,326
1,1,1,1,0.5521229523918281,-0.28469226633268285,0.10379521289682898,327
1,1,1,0,-0.9841509832123917,-1.2958314852050454,0.2519356505601827,328
1,1,0,0,-1.0404841970946481,-0.5721450192184946,-0.8662369274112003,329
0,0,1,0,-1.424544987281248,0.3625672766130212,-0.2960125695542915,330
0,0,1,0,-0.5180787330258761,-0.34928794425591747,-0.8668432522021641,331
0,0,1,0,0.019855050835151374,0.49809528826954946,0.6160211454608033,332
1,1,1,1,-1.0453211611381374,2.5522816080431197,0.09978520603181122,333
0,1,0,0,0.08580847011376169,0.6182490649015646,-0.22912725460023103,334
0,0,0,1,-0.88095921524939,-0.9329183151195056,1.007642484790199,335
1,1,1,1,1.479284927058872,0.8267994144462812,0.7032657541062507,336
0,0,1,0,-0.5593059333231255,-0.3409799184564439,-0.01790196708030299,337
1,0,0,0,-1.6419179559305455,0.7094501927754823,-1.2763810988848603,338
0,1,0,1,-2.00708893040762,1.0944271778295718,-1.2185429805244625,339
0,1,0,1,0.46990299597695206,0.2454483525848126,1.0070783107637635,340
1,1,1,1,0.22896941622904998,0.41165178932429325,2.166101411605589,341
0,0,1,0,-0.8268797910132534,-0.7748311904795577,0.1029152879687777,342
0,0,1,0,-1.4574267123346294,0.43350362818937677,-0.5281532997976762,343
0,0,1,0,-1.017335542784465,-0.9328512298340084,0.16926274082178566,344
0,1,0,0,0.13713803134022282,-0.24149959953305417,0.8934462533245023,345
1,0,1,0,0.7788280019364104,1.9932065244622248,1.9502420420466982,346
1,1,1,0,-0.12702522297610497,1.8920189691168199,0.9795189775059572,347
0,0,0,0,0.08790850957007156,-1.613229122688134,0.4596645365608611,348
1,1,0,0,-0.20332145715557026,1.1561283067086823,1.370768262142206,349
0,1,0,0,-2.125573036327835,-1.1056753099772358,-0.2358372741630149,350
1,1,1,1,0.4974216931082144,1.081333307147833,0.63474764476653,351
1,1,1,1,1.6417824197445232,1.1609507266153307,-1.0479525809942423,352
1,1,1,1,0.40359233167711916,2.807530895449082,-0.19842895828901422,353
1,1,1,1,-0.47700069452054933,0.7370628556763313,0.7206937591608484,354
0,0,1,0,-0.031093447326212845,0.018898880245829232,-0.536463073251832,355
0,0,0,1,-1.518547920510284,-0.499499750188576,-0.8409250351405678,356
0,0,1,0,-0.6761923823724606,0.48975693305980805,0.017677168195935018,357
0,1,0,0,1.6298175561383013,-1.7484496928353255,-0.6529324672239397,358
1,1,0,1,0.8881776675488543,0.38078726260754686,-0.6440361277661975,359
0,0,1,0,-0.7003149335313927,1.2733837836195194,-1.461478057880032,360
0,1,1,0,0.6056953145386762,0.928211342322815,-0.9423329076027283,361
0,0,1,0,-0.7465956780417005,0.28668972620093053,-0.6914979462897405,362
0,0,0,0,-1.2222611736504292,-0.6669043698230898,-0.9982486669373407,363
1,1,1,1,-0.03460622055312203,1.3190159571862654,-0.2694577469065838,364
1,1,1,1,-0.4232565727669679,0.45428654994368856,0.10821943062024272,365
1,1,0,1,2.1401207710699497,-0.041138198959149885,1.3757585532637577,366
0,1,0,1,0.7941144478487263,-1.191841683987085,-0.5060442209685143,367
1,1,0,0,-0.5280224767447461,0.9215405795188428,-0.49611310228925143,368
0,0,0,1,1.1109238261018277,-1.0692646531049892,-0.192785150561476,369
0,0,1,1,0.27834754032756576,1.1255847853095085,0.34667308163244326,370
0,1,0,1,1.545651273732632,-1.083501393122066,1.5319453607459985,371
1,1,1,1,0.4517057475711069,0.08967580857004535,1.6899847693014227,372
1,1,1,1,1.1465858201440602,-0.8626292615698503,0.9660796610424877,373
1,1,0,0,-0.4112404993200285,0.8870682266408902,-1.1059182029752403,374
1,1,1,0,-0.447607553871077,0.7600510778884195,-0.8318750517387751,375
1,1,1,0,0.7991160413134646,-0.5411617383464029,0.2632971494659913,376
0,0,0,0,-0.8295281159929201,-1.0924349183049822,-0.34244248228047347,377
1,1,1,1,1.0020009697458336,0.9443370342727696,-0.6501692038189835,378
1,0,0,0,-0.9674852703234428,-0.016601706031599685,-1.2458407521762593,379
0,1,0,1,2.038876649436758,-0.9594155520290429,-1.6101037060248635,380
1,1,1,0,-0.00221728107083496,1.4837576285464067,-0.26011751452797166,381
0,0,0,0,-1.33585894209229,-0.5936946474181253,0.8826726731627518,382
1,1,1,0,0.0960042383069014,0.14428160977359408,0.07991412188633414,383
1,1,1,1,-0.6903826266934918,1.137634521925148,-0.9545916804631948,384
0,0,0,0,-1.5317442080964052,-0.6381208925302027,0.6771261072047133,385
0,0,0,0,0.023547130858194903,-1.7712013195898533,-1.4234103650586598,386
0,1,0,0,1.4618148729321978,-0.19361572829030918,-2.239883922653615,387
1,1,1,1,0.3594037998895224,0.7154943170069238,0.7108933620139007,388
1,1,1,1,1.3966720922167515,-0.985896486557575,0.5636087964226852,389
1,1,0,0,0.4210405128318356,-0.37178646711358565,-0.045220458217516364,390
0,0,0,0,-0.7004776576582435,1.4983184980157482,-1.1566130447535508,391
0,0,1,0,-0.586966663091708,0.2999401480365784,-0.7487364547994259,392
1,1,1,0,-0.2665492273415778,1.0851184271824332,-0.06488377085119897,393
1,1,1,1,1.9339594782224134,-0.896474814653884,0.7295971560786929,394
0,1,0,1,-0.09917072347510217,1.838033192395397,-1.085284734916114,395
0,1,0,0,-1.458713258754257,-0.14423047823138302,-1.9809260169919922,396
1,1,1,1,-0.029934936454884143,-0.27595201546125864,-0.12286652134846159,397
1,1,1,1,1.396805465525963,0.7975046158973854,0.8762586886814947,398
1,1,1,1,1.4867483470205063,0.45982360444568093,-0.09605508965847004,399
0,0,1,1,-0.09011231650955105,-1.5994079254919795,-1.2622489495802918,400
1,1,1,1,0.6783258569462279,0.19751218260612766,0.9439499503107872,401
1,1,0,1,1.184687964269841,-0.09931691373013017,-0.30582473103556823,402
1,1,1,0,-0.3691902767603528,-0.21492554817373802,0.1374340723510848,403
0,0,0,0,0.6236843476325017,-0.1310204045294997,0.11539408143195946,404
0,1,0,0,-0.9114826054488929,0.4683172120100346,-0.9039540358727879,405
0,1,0,0,0.6615433628096807,0.2944897830603,-0.5126808527153073,406
0,1,1,1,-1.1045695864448524,-0.4275100116601023,-0.5185295528062567,407
0,1,0,1,-1.5479853524977214,0.9324527958695072,-0.5871341256412739,408
1,1,1,1,0.600842320616677,-0.03807703828110869,0.7325562434087695,409
0,1,0,1,-1.3241087267118454,1.4792925124349037,-0.25004196018455843,410
0,0,1,0,-1.8906972070767278,-0.6897400595883526,-0.3038159461399023,411
1,0,0,0,-0.9189360232403175,0.7631068317613122,-0.07709170225598691,412
1,1,1,1,0.13718110662265942,1.8277174844860427,-0.0461631970920149,413
0,0,0,1,-0.39397882659653277,0.5448214370815271,0.4938920782721788,414
0,0,1,0,0.7969303204368723,0.27237020253361166,-0.6411574653086788,415
0,1,0,0,-1.0922757717855285,-1.002139082804115,-0.3490876368145425,416
1,1,0,1,0.45969826844648826,1.1801240880710442,2.8048095444485135,417
1,0,0,0,1.2400713657161804,-1.3993731709026185,0.4813841693817772,418
1,1,0,0,1.4469295308649937,0.09223104647758935,-1.6127088278891153,419
1,1,1,1,2.275039178432714,0.4949311226767907,-0.755245540113118,420
1,1,1,1,1.1132597577451753,-1.2745513731932592,-0.4513472521616341,421
1,1,1,1,1.576530788603168,-0.38147609313783637,-0.097647767072564,422
1,1,0,1,0.19721701364073352,0.11566312527705676,-0.1951264521381285,423
0,0,1,0,-0.04653829188682708,-0.5333934185273868,0.4292321174386401,424
0,0,0,0,0.10671461767544775,1.1984535871894355,-0.7377758296808238,425
1,1,0,1,-1.2779136736199084,1.0131066036291878,1.0981490511091314,426
0,0,1,0,-0.7716026869306847,1.5529865999705854,-0.09070060087304706,427
1,1,1,1,0.137062608836688,-0.3731285195989422,1.5375058834906856,428
1,1,1,1,-0.48690265487643314,0.7549122483219304,0.3757388746960183,429
1,1,1,1,1.007010566524944,0.9230086671955299,-0.7286465709885072,430
0,1,0,1,-1.5743532619845824,0.4043527158654548,-2.517677114186523,431
1,1,0,1,0.8383545790422915,-0.057244324261044754,-1.8573938271242494,432
1,1,0,0,1.0721960315257926,-0.3130794800246593,0.2846201643676782,433
1,1,1,1,-0.4741211319719211,0.5712730689619486,1.319472097910637,434
1,0,0,0,0.40259571737181193,-0.1778818152364572,0.5363224895217775,435
0,0,1,0,1.4019400102455313,-0.12420884853499904,-0.5491135581973954,436
1,1,1,1,0.3769824504323098,0.7282701747477974,0.39024904547311146,437
0,0,0,0,-1.2094337327036007,0.29715951936768964,0.23270759548640443,438
0,0,1,0,-1.483226562417629,-0.7978391162223453,-0.2276857455642871,439
0,0,1,0,-0.5276982284444032,1.0581952351260648,0.9933308317339906,440
0,0,0,1,-0.39441529996979735,1.100502482996164,0.799458748375815,441
0,0,0,0,-1.820929367094625,0.5909940338380162,-0.7074873694025522,442
0,1,0,1,1.0358346968159755,-0.5122858343871496,0.6729692302097551,443
0,1,0,0,-0.8277841544319068,0.06062491196943372,0.9394438380524682,444
1,1,1,1,-0.9450789972243498,0.9787869820190335,0.593567568595183,445
1,1,1,1,0.4325654768835447,0.6491501042660831,2.295311068191005,446
1,1,1,1,1.43833264073423,0.2224663345306838,0.25100319895507783,447
0,1,1,0,1.1377139465135058,0.48247474734478385,0.06880117944923786,448
0,0,1,0,0.4830310393490875,-0.05935287984044553,-1.0730289221433,449
1,1,0,0,0.5762484692466009,-3.1214302129268257,-0.45924120990364364,450
0,0,0,1,-1.2549506229409224,1.1172197455427146,-1.5063938189261223,451
1,1,1,1,0.2860907531874925,-0.18675591203699635,1.2513806368348368,452
0,0,1,0,-0.13435637501209635,-1.182761843217453,0.6272536415314844,453
1,1,1,1,0.5207126309001107,-0.5788219644269997,1.7647972256016813,454
1,1,1,1,0.7439176102859515,0.2865676804006192,0.75953879460074325,455
1,1,1,1,0.6241127748012901,1.232172506345615,-0.497590803610878,456
0,0,0,1,-1.6395779586880412,-1.4457584027944905,1.1748569023123647,457
1,1,1,1,1.527802098696383,-0.2846665816460472,-1.0536696896271747,458
1,1,1,1,1.7221640381886412,1.165863440695827,-0.7721041957895883,459
1,1,0,0,-0.8163578225150484,-1.085647463925726,0.4097629229038138,460
0,1,0,1,-0.5546994321883975,0.5541733014129987,0.4201210900162057,461
0,1,0,1,-0.255235046810705,-0.11255230506694044,0.904699327574286,462
0,0,1,0,0.19691587871721827,-0.18076812076511706,1.337466068751838,463
1,0,0,0,-0.20312493500800122,-1.0093069668403944,0.29854125910942564,464
1,1,0,1,1.1776552367030946,-0.9407533092612134,0.5853234021154646,465
1,1,1,1,2.616912633124019,-1.840366413008894,1.5385908739928074,466
0,0,0,1,0.1382608724783069,-0.20733097078336946,0.15570321365724504,467
0,0,0,0,-1.2089395712447721,-0.05325837752887482,-0.3554658958968994,468
0,1,0,1,-1.4655139494935836,-0.2956985169376045,-0.93674596476704175,469
1,1,1,1,-0.26517263987665524,-0.2768249509727624,1.059700710925151,470
1,1,1,1,-0.03760999769512797,-0.13883269130663883,0.6820455281267042,471
1,1,1,1,0.2194278370123295,2.4738440937580553,-0.06235522436390506,472
0,0,0,0,-0.6254744299011831,-1.3789702372337544,-0.8748793614401981,473
1,1,1,1,0.35007780327350557,1.4093086616516315,1.106532262590462,474
1,1,0,0,0.5026005049037598,-1.4920430799923126,-0.7259311342762593,475
0,1,0,1,-1.0622978475999412,0.8536187746518447,0.3667380860225931,476
1,1,1,1,1.256234949900305,-1.0051195506796078,0.09019644861104964,477
0,0,1,0,0.9155901228888301,-1.7902680309280232,0.6558426206542675,478
0,0,0,1,-0.002876889018022953,1.1098400839145501,-0.9700126757134978,479
0,0,0,0,-1.6997141446340844,0.7325778725488356,-1.8478020122291379,480
1,1,0,0,0.981760638225083,0.4685013834071175,-1.1185177695560868,481
0,1,1,0,0.9956744197652336,-2.2161301486418736,0.558104577182427,482
1,0,0,0,-0.5616123705001246,-0.7355041451062841,0.6271819418054227,483
1,1,0,0,1.4941256140402666,-0.7521435973976658,0.6528182003510675,484
1,1,1,1,0.4437459774283782,1.1330059100144028,1.6812195014154518,485
0,0,0,0,0.122859486439193,-2.4812861791451155,-1.4807588196141963,486
1,1,1,1,-1.3009338182920516,0.5863397344367423,0.7263433095762699,487
1,1,1,1,-0.5897121883300841,1.231849608928476,-0.3857033423307419,488
1,1,1,1,0.9857187921095336,1.8756551578211578,-0.11750049326059246,489
0,0,0,0,-1.3317181607463096,-0.283934766063413,0.4633435561859913,490
1,0,0,0,-0.20842579513144416,0.8819102840893045,0.13892298937284503,491
0,0,1,1,0.28429624073010373,0.2393468017441645,-1.3051355662527215,492
0,0,1,0,1.4337349250130311,-3.120777823530214,1.2632790006399064,493
1,1,0,0,-0.816057409449273,-0.5005451714449264,-0.4598547465367289,494
1,1,1,1,0.045604414795616895,1.3232961254216202,0.43901845120964705,495
1,0,1,0,1.3927002259454893,-0.4046036635801163,0.9212434786593826,496
1,1,1,1,-0.07837506544353906,-0.22064948332054476,-0.04434543099208752,497
0,1,1,1,0.8976311558840446,0.12609022973357734,-0.8428889021638294,498
0,1,0,1,-0.15330261904664977,-0.12079604692108127,-1.6279804949157919,499
0,0,0,1,0.02344999933918491,-0.7758935559651977,-1.1762171972359459,500
1,1,1,0,0.09680286482548889,0.41607457450977114,-0.5939190975989024,501
0,0,1,0,-0.4470820116963494,0.3379122574476595,1.0908869774697254,502
1,1,1,1,-0.9509540830996113,0.930873200602384,-0.3252979481929335,503
0,0,1,1,-1.2847218233952578,-1.380383018476283,0.6291285827330976,504
1,1,0,0,0.8060222892520587,0.7961847514979937,-0.7353081551001813,505
1,1,1,1,1.0660663949758151,-0.8730427294317709,0.17394950240438706,506
0,1,0,1,-2.21151141819701,-0.28906846181830353,1.0387301489878746,507
1,1,0,1,-0.9791121828982906,1.61370307721766,1.1546840778466216,508
0,0,0,0,-0.37624149875270424,-0.5600943812110818,-0.4335876105021844,509
0,0,0,0,-0.4637578298081612,-0.7768502329206479,-2.002080290562328,510
1,1,0,1,0.13060836506268086,1.7131027488855564,1.3348024171783182,511
1,1,1,0,0.6654688090543881,1.7354865418940006,-1.6073152868494853,512
1,1,1,1,1.717011619801029,0.18663352517428908,0.1304594490977837,513
0,0,1,1,1.3081532385426144,0.20866756033934641,0.6509867289086485,514
1,1,1,1,0.5941648482877134,1.5901639381853896,-0.7165400205742279,515
0,0,0,1,-0.5063674048455111,-0.6546688789241569,-0.2643637501985609,516
1,1,1,1,0.9508416417693973,-0.9884658545544088,1.4370808600501626,517
0,1,0,0,0.7526567511581373,-0.30111029973011444,-2.299849953611508,518
0,0,0,1,0.051029220886514196,-0.4431092440843538,-0.11642387118071962,519
1,1,1,1,0.7364600048263277,0.3557968817494426,-0.9023441050196618,520
1,1,1,1,0.042475175640980634,1.0921514304555338,-0.05225446288322653,521
0,0,1,0,-1.7457928963917455,0.12031114762380421,0.9431808204529613,522
1,1,1,1,-0.882780091597958,0.35064693164901223,1.3578215393262525,523
1,1,1,1,-0.10587856936822244,-0.11080952457958662,2.073640162686634,524
0,1,0,0,-1.8102021177842065,-2.4304697887355378,-0.7804059812961137,525
1,1,1,0,0.20824017840086503,0.47160764588379234,1.123576349571689,526
1,1,0,1,0.9102385758699862,-0.31107223046452837,-0.8894538210422148,527
1,0,0,0,-1.9812223761920111,-0.7117045627293274,-0.43482277022331484,528
0,1,1,1,-0.40166789025186794,0.50953683413214,0.06951920995610582,529
1,1,0,0,0.059643826432518844,-0.17932289639997617,-2.0514020987637234,530
1,1,1,1,1.449730836766947,0.1427684335253653,-0.05046390562899543,531
0,1,0,0,-1.7795046547467408,-0.1867634572330095,-1.3637732874996082,532
0,1,0,1,1.665751211799453,0.701121913106325,0.43244304850454085,533
0,0,0,0,0.12425808800656807,0.15554870350279398,-1.692162125712243,534
0,0,1,0,-2.0856108400569586,1.0901356404952254,-1.0560128619691689,535
0,0,0,0,1.4307166111951182,-1.1847046686956897,0.1845061868925744,536
1,0,0,0,-0.7561113500298167,-0.5904355526748836,0.4170379198459942,537
0,1,0,0,-1.426138479006825,1.070799293289909,-1.4384561323566563,538
1,1,1,1,0.5261495916841397,0.7405175790189574,1.2725403413162493,539
1,1,1,1,-0.2748886336781389,1.1819885577154037,-0.040355303456073466,540
0,1,1,1,0.5074768100524931,0.26162720956020413,-0.19982647017061664,541
0,0,0,0,-0.6434107649993548,0.6533901975973809,-0.3360746223528857,542
1,0,0,0,-0.7431443538833971,0.4526317249462187,0.21714205000263662,543
0,0,0,0,-1.3971079502528654,-1.676334147727968,0.08902090554547006,544
1,0,1,0,1.0520963793144678,2.0315427830504853,-0.18960427448797282,545
1,1,0,1,1.0034772720982112,-0.3278005349960882,-0.7237223411908352,546
1,1,0,1,0.4464650806253153,-0.08720271125413934,1.117366431114945,547
0,0,0,0,0.460359596723671,1.6408645019429677,-0.46652412459821624,548
1,0,0,0,-1.0401201216517002,0.7121855974277531,-0.4592334333814619,549
0,0,0,0,-0.7791211652577964,0.5598715683064014,0.041539553971683026,550
0,0,0,1,-0.5579186824811817,0.7083576083959732,-1.2453950245699292,551
1,1,0,1,-0.9355145873631194,-0.49173683280420244,-0.2791681839677856,552
1,1,1,1,0.35160060901691265,2.0504669510228983,0.225225713830375,553
1,1,1,1,0.04568867368725776,1.456817982832939,0.8610490222108388,554
0,1,0,0,0.23779150016983083,-0.3289263725237578,-0.2436417026400812,555
1,1,1,1,-1.189318251874223,0.29382011529328533,0.1860655318862493,556
1,1,1,1,0.8632461869426172,0.5638690383091057,0.49004518601686237,557
0,1,0,1,0.3418226338113033,-0.09105647875773434,-0.7554429668879801,558
0,0,0,0,-1.412683716885135,-0.8998081999484676,0.37039144644083905,559
0,0,0,0,-0.9637320735372843,0.05493921735083029,-1.2095465912548984,560
0,0,1,1,-0.14871878331937913,-0.06610696206216006,0.8919602214066463,561
1,1,1,1,1.05938237828699,1.030741585268379,3.025141653598658,562
1,1,1,1,-0.11770296575968069,0.6709285351621619,1.9639270443329004,563
0,0,1,0,-0.262943664363254,1.522667063822066,-0.42087719303224663,564
1,0,1,0,-0.03912146157517077,0.8877896000201065,0.38065354131708257,565
0,1,0,1,1.1238054861388111,-0.10359093696562252,-1.0899614018381938,566
1,1,1,1,-0.06881393016249358,0.4547317833804961,-0.755440310360077,567
1,0,1,0,2.360952623900923,0.6688767319165448,0.170674591877925,568
1,1,1,1,-0.24766794403550826,2.51424179618675,2.7141870941409603,569
0,0,0,0,-2.009940437828923,1.3735515830002467,-0.8302444295191982,570
0,0,1,0,-0.5124178516234332,-1.0219187372511807,0.1811746186137603,571
0,0,0,0,0.22544444430423924,-1.3945766989891895,0.9521933008557127,572
1,1,1,0,-0.6545749358061492,0.18595567362006712,2.277249151978701,573
1,1,1,1,-0.5369435636365203,0.5831235267520244,-0.6933509184779252,574
1,1,1,1,0.8416834852311343,0.4413963210067898,-0.06302876994102935,575
1,1,0,0,0.25652850539844724,-0.5893968214973919,-0.11160519976242039,576
1,1,0,1,1.7130625052691104,0.17106284443748343,1.2055366366826195,577
1,1,1,1,-0.5330458835543743,0.5964971389812989,-0.27577449507890617,578
0,0,1,0,-1.6070490210110537,0.31786880378572985,0.31267998051171625,579
1,1,0,1,1.2228579508621211,1.204983996494503,-0.669561833880674,580
1,1,1,1,0.39808044793513947,0.17689670431745755,-0.5749533080708229,581
0,0,0,1,-0.8279083749544268,0.795116096797602,-2.4247838103615886,582
0,0,1,0,-2.462052137393765,0.17199008336961227,-0.9314434433340623,583
0,0,0,0,-0.5658422173902503,-0.9854909558404584,-0.5258158521339782,584
1,1,1,1,0.502748006485538,1.0583508353947941,0.406101866416474,585
1,0,1,0,0.5257433077903894,-0.829734137655864,0.4203745584325052,586
0,0,1,0,-1.7959699255236905,-0.08921080289639494,-1.8500998855240374,587
1,1,1,1,1.4463825414668225,0.6619638269677377,-0.6212408376152428,588
0,0,1,0,-1.2253745362925952,0.46501058743444124,-0.18206950564333463,589
0,1,0,1,2.229288558382378,-1.2099653853405397,0.29206940943717286,590
0,0,0,0,0.176657673991747,-1.0958021556217976,-0.09261498700414604,591
1,1,0,0,0.7693676844006685,-0.6133156000052649,-1.4330538806020916,592
0,0,0,0,-1.676579782518049,-1.985950399852503,-0.2115692721199701,593
0,1,0,1,-0.25415321496742743,-0.6411602810954387,-0.6185560909840229,594
0,0,1,0,-1.3426259399599414,0.8233966100452114,-1.5001070078035528,595
1,1,1,1,2.4226721028704006,0.8091875677536492,-0.45855820378761597,596
1,1,0,1,0.14007660195194319,3.293602971406773,0.8173818575506363,597
0,0,0,0,-1.6413628144215604,-0.8411708275314257,0.19829522183450693,598
1,1,1,1,-0.9342651982400177,-1.300208551604411,-0.344353925651136,599
0,0,0,1,-0.2688383288540515,-0.40408018505207877,-1.1413336577695823,600
1,1,0,1,1.1606434659158351,0.8723664050172288,-1.2302666281920809,601
1,1,1,1,1.7902011677305314,0.9983176937704181,-1.4554322106454367,602
0,0,0,0,0.3722627188580794,0.8055175039201126,-0.9146027234290229,603
0,1,1,0,-0.09024396719767636,0.2624604277363052,0.5960390118240593,604
0,0,1,0,-1.6432786369573804,0.637463833916358,0.29527188408430266,605
1,1,1,1,0.8399925525378117,0.9743919880434274,0.9264513825310355,606
1,1,0,0,-0.6905282097398293,0.22548899801012093,-0.5880912306421384,607
1,0,0,0,-0.32496657585937677,1.1256800526118578,-0.20957314107823272,608
1,1,1,1,1.0617873023108209,0.112521976019398,-1.2124361755216087,609
0,0,0,0,-1.221195979980014,1.2397910104833223,-0.4498308423209913,610
0,0,0,0,-2.4184578811634156,0.02031248832242227,-0.6132523005200187,611
1,1,1,1,1.6094437142306735,-0.014581485192806222,-0.13830763635682666,612
1,1,1,1,0.853684126838537,-0.16120234499872424,0.20729007732809637,613
0,0,0,0,-0.04558224447473314,-1.1202393173835952,-1.2233585382680907,614
1,1,1,0,-1.9313702780133264,-0.4439059405244844,-0.7040870939854711,615
0,1,0,0,-1.9608772297927393,0.7162606130803002,-0.8840853378139162,616
1,0,0,0,-1.593942490715628,0.4789079807692306,-0.3829301180168634,617
1,1,0,1,-0.039785806058149985,0.45798596769784516,1.5155002950586323,618
1,1,1,1,-0.7083339667739399,-1.2994754938212396,-0.1426712482933676,619
0,0,0,1,-0.8690265808456917,0.07687379256585546,0.36521153694645164,620
1,1,1,1,-0.0836888077234853,-0.33865846350870565,2.0659456608170617,621
1,1,1,1,1.4557229699452403,-0.024764479060787017,0.2908211756515903,622
0,0,0,1,-2.453021705185319,-0.9467896716643034,-0.28650074437430517,623
0,0,0,0,0.20642924442699348,0.2607828462726532,-0.8105992524570382,624
1,1,0,1,0.8106964061727803,-0.6694291196828284,0.4794711102718724,625
0,0,0,0,-0.8919319772925512,-2.326821205969012,-1.7550160737226699,626
0,0,1,0,-0.5215855801735777,-1.2556841325664985,0.41068412085232203,627
1,1,0,0,-1.8270872613722935,1.513161333795473,1.0558509037452466,628
1,1,0,1,0.4681068877501814,-0.19349889863824407,-0.10055089574686342,629
0,0,0,0,-0.623623845813793,-1.0900601371414724,-0.23295247369317829,630
1,1,1,1,1.0740641414156185,0.7203803989026674,1.330793244322265,631
0,1,1,0,0.19017610357087905,1.4485656695973308,0.37473087220293516,632
0,0,0,1,-0.7366548784046535,-0.0626769189359934,-0.4386265451727039,633
0,0,1,0,1.1980825657175331,0.6531123516402505,-0.4597241752970512,634
1,1,1,1,0.5848506208933775,1.7995186475959064,0.1278594742847598,635
0,0,0,1,-1.256256125832489,-0.9480107871401142,0.336382348992998,636
0,0,1,0,0.13875683919367104,0.42736359813557506,-1.17957070912281,637
1,1,1,1,-0.4726213865236577,1.30981337418885,-0.583396423816383,638
0,0,1,0,-0.026828915327268166,-0.47928010234023566,0.0020749266111438538,639
0,1,0,0,-0.8795754526078495,-0.11623399587273958,-0.014112732023067714,640
0,0,1,0,-0.2436144041356905,-0.7239962517654595,-0.8612328282113304,641
0,0,0,0,-0.6076484222440872,-0.826056543618594,-0.0985491360559275,642
0,0,1,0,-1.9933258294339382,1.226317483949032,-0.0027445651062684875,643
0,0,0,0,0.6599789055750453,-1.041326440108645,-0.08785847981018809,644
1,1,1,1,1.2457815704003512,0.4596260854114897,1.2058693473469482,645
1,1,1,0,1.8485466978747254,-2.1369630013351233,1.8125238356125088,646
0,0,0,0,-0.46847718226389645,0.08371156274371863,-0.5970240793494785,647
1,1,0,0,0.6410492045958865,-0.2804423256372335,-1.975086730775572,648
1,1,0,1,-0.18895234142428555,0.765706847488602,-0.8700029322055246,649
1,1,1,1,1.4226175501251392,-0.19159004313105335,0.27521588473607267,650
1,1,1,0,0.12163012695702186,-1.0821940641067036,0.8595880946467918,651
0,1,0,1,0.910493560937472,-1.8812378279114794,0.21076332183534424,652
1,1,1,0,-0.1383422811371585,1.3042470608340806,0.373627892540114,653
1,1,1,1,1.0058328712386357,0.6152481447872928,-1.2370076909066885,654
0,0,0,0,-0.09698231637280681,0.5712499398899088,-0.5951120023538526,655
0,1,0,1,-0.20806662734480308,0.20379819464439222,-0.009892818394018302,656
0,0,0,0,-0.42049798987615106,-0.35879210355733626,-1.838477555795671,657
0,0,0,1,0.15283471830564171,0.42682230618926614,0.6419959335524159,658
1,1,0,0,0.037653640862273303,-0.2179346236960983,1.1200855439821038,659
1,1,1,1,0.15573586490286292,0.8721818644870769,1.1156603417901454,660
1,1,1,1,1.0069853203078558,1.2364645410047885,-1.598443904596696,661
0,0,1,0,0.1399172798401595,0.8082877943679794,-1.2109726115392543,662
0,0,1,0,-0.04663260732324216,0.9611028594739327,-0.0015401538846438454,663
1,1,1,1,0.3623586658013415,0.3317991858148999,1.6873725273754807,664
1,1,1,1,-0.694924198984157,0.09795613425955418,1.7487686166617602,665
0,0,1,0,-0.20940521628050326,1.7677334751583698,0.7425734639517189,666
1,0,0,0,1.7126727302764428,1.1440797282645832,-0.6328265798715577,667
1,1,1,0,0.8652499081136689,-1.175909992353241,0.5181017912252931,668
1,0,0,0,-0.5499182559700504,-1.3374803457034534,-1.7398332109290147,669
0,1,0,1,0.6558933293434749,-0.4337557891297024,1.5858276410383694,670
1,1,1,0,-0.7134005820044542,0.33069822459719456,-0.4207858380469511,671
1,1,1,1,1.8725794956654536,0.18482464802918622,-0.21760240516072016,672
1,1,1,1,0.268029930888653,0.3354934379065674,-0.02735379761858466,673
0,1,0,0,-0.4995949345447914,-0.34216189417289966,0.5734513067020178,674
1,0,1,0,1.3288953949428128,-0.36401368241984183,-1.1569971182015955,675
1,0,1,0,-0.6558017964446767,0.5952411066480136,0.7777391989860066,676
1,1,1,1,-1.0537682242550286,0.6721437677625438,0.4889851919508925,677
0,0,1,0,-0.561290856320378,0.49996424002771345,-1.2664953747046708,678
0,1,0,1,0.6199102907803539,0.35314411428409437,-1.328952824188163,679
0,1,0,1,0.43250984407258025,-1.0781154094536496,0.24161238255353676,680
0,0,0,0,-0.8319708801970654,-0.8498785609903173,-1.2046585398482688,681
1,1,1,1,-0.025354395402020582,-0.24946481086262726,-0.4402469758074262,682
1,1,1,0,-0.2972830469193554,1.6164462863768223,-0.6637065142370642,683
1,1,0,0,-1.2236699489778313,-0.055260765292452815,-0.5879841961655748,684
0,0,0,1,-0.21911896349454274,-0.21131579143514534,1.449630992662617,685
1,1,1,1,0.08848926090582813,0.7151292073228933,0.51955553885944,686
1,1,1,1,0.5668793744171827,0.3168512009397659,1.3425956190974329,687
1,1,1,1,1.0775410102946594,0.8082238397654146,-0.49105958263967403,688
1,0,0,0,0.9426676398106674,-0.11829411627166848,-0.7473644349053141,689
1,1,0,1,0.39918872090537644,0.14508326052308435,0.34281743953701294,690
0,0,0,0,-3.0769259131551983,0.6075462455391276,-0.6463019164909789,691
0,0,0,1,0.4987425527955101,0.4217253539573181,-1.0245226581384035,692
1,0,0,0,0.7751434432897915,-1.2057659941529952,0.004034320647481373,693
1,1,1,1,0.04046694301747526,0.3899937920109955,0.357442943353372,694
1,0,1,0,0.2798433359981959,-0.5445973579472346,-0.30026170626228577,695
1,1,0,1,1.276309376706884,1.1416992703303224,-0.34516940604184154,696
0,1,0,0,0.3990208091971613,-0.1586650920763617,-0.7762632680853797,697
1,1,1,1,0.29176632916020906,-0.21860411306849495,0.264654867301054,698
1,1,1,1,-0.05531315979490565,2.7330607091124426,-0.8126112452695592,699
0,0,1,0,-0.2923732445360207,-0.8698289902601838,-0.8440686837941483,700
0,1,0,1,0.8143100765442242,-0.4961024112661953,0.11149398259126436,701
1,0,0,0,0.16158577964041548,-0.24021298391970813,-1.5526792245999994,702
0,1,1,0,-1.513676521156328,-0.1395085687946199,0.01503039614407035,703
1,0,0,0,0.2991532678150485,-0.7875391274498525,0.4848858570940171,704
1,1,1,1,0.27424803107490847,-0.5239220586454406,1.6738950305569915,705
0,0,1,0,-0.5279911846031177,-2.5445963571128263,0.9342553168116283,706
0,0,1,0,-0.9344877098682358,0.791833075723336,0.8740422968428271,707
0,0,0,0,-3.264634879600528,1.461662722856851,-0.053292395117810025,708
1,0,0,0,-0.7920598843657518,-1.2640719065524684,0.491248885496781,709
1,1,1,1,0.9658175264936416,1.633210172446627,2.636423647639785,710
1,0,1,0,0.2021857588022509,0.3900614264409719,0.12679569393352108,711
0,0,0,0,-1.186681074513093,0.13711705208983552,-1.6757972644254562,712
0,1,1,1,-1.0767285558251152,1.2533739128824821,-2.1084619600630985,713
0,1,0,0,0.04601258111744621,-1.5761117481985885,0.957809483454014,714
0,0,0,0,-1.3754962969622202,-0.662811364902242,0.09201259686007489,715
0,0,1,0,1.1089836898249792,-1.7178376576757417,2.085341536769524,716
1,1,1,1,1.4824810759651454,1.5470847612787877,-1.8686348014130312,717
0,0,0,1,-1.0318372220156127,-1.0916205001354182,1.3912441916317182,718
1,1,1,1,-0.0200492473088543,0.12691387094999115,1.6450810978310015,719
1,1,0,1,1.817436139086004,2.217426390257865,-0.35442860446882174,720
1,1,1,1,0.33582908974292736,1.4996146227583869,0.19508037138045492,721
0,0,0,1,0.5279717561390695,0.24998680201552184,0.4205916916779446,722
0,0,1,0,0.9025296611985669,-0.9591117822840609,-0.24060356978797512,723
1,1,1,1,0.5661222067058276,1.7973646678458708,0.14558174752573955,724
1,1,1,1,0.29302231874524676,-1.1658948460958811,-0.9177304567061053,725
1,1,0,0,-1.2149664048626212,1.9884478425922982,-1.8610690489947517,726
1,1,1,1,0.02784963959972208,-1.0850681476949278,1.3547793874735958,727
1,1,1,0,0.3363486635836573,-0.025717391132171932,0.7045678850810652,728
0,0,1,0,1.6817307525021088,-0.8785848815485764,-0.24785781461989606,729
1,1,1,0,-0.01397874261633962,0.9676088913752476,0.4662364676721966,730
1,0,0,1,0.8488785381568366,0.2856283083650907,-0.9454422289141238,731
1,1,0,0,-0.8055569815583387,-1.1542258853174407,0.7574428071763116,732
1,1,1,0,-0.686700434405658,1.152546244684742,1.7275998865778144,733
1,0,0,0,-2.1875841152609197,-1.1876464002128932,-1.2888751888350527,734
1,1,0,1,0.8619853764279019,-0.8196006796767353,0.44347716118542724,735
1,1,0,0,0.4778421045417772,0.1609626233050408,1.124839998060925,736
0,0,0,0,-1.1951532441315398,-0.6093132471370896,-1.4611105232845305,737
0,1,0,1,1.8575149222158658,-0.6277666074728755,-0.5827540232146738,738
1,1,1,0,-0.17989058183963874,-0.030282655528750164,0.9755400805251315,739
0,0,1,0,-0.3374388429611802,-0.16512615570384837,1.0710179641087822,740
1,1,1,1,0.996360004756856,0.21722699799822653,0.1596917015417191,741
1,1,0,0,0.9419405399007273,0.2544097952088351,-0.4138624699903015,742
0,0,1,0,0.8360908016408869,-0.4028734491407872,0.09836603096545556,743
1,1,1,1,0.1526347500527654,-0.9642212330937175,-0.44628070114716867,744
1,1,0,1,1.4448547744903655,0.15405216994179957,0.18463988876680956,745
1,1,0,0,-0.88624145601365,-0.1707314346705657,0.7751590666010688,746
0,0,1,0,1.7759605665045937,1.3241504476542887,-1.2439094401301507,747
0,0,1,0,-0.3110689637880209,-1.1160891055492883,0.7120063523348962,748
1,1,0,1,0.6484350659748531,-0.5673003086820453,-0.4131684313046922,749
1,1,1,1,-0.05706200747678972,0.1334323763678644,1.0668222857401843,750
1,1,1,1,0.7492950965286317,-0.7742380848329403,1.3228531241788664,751
1,1,1,1,-0.08504776356726447,1.194524062174332,2.0661789000304647,752
0,0,0,0,-0.4256821050932668,-1.4998882339782798,-1.6751302897282163,753
0,0,1,0,0.9533713319886631,-0.6377136582932023,-0.35704794878091045,754
0,1,0,0,0.7091813033012394,0.30402022820540076,-2.322836565118132,755
1,1,0,0,1.383884068743576,-0.7857770752249654,-0.6267991030504805,756
0,0,0,0,-1.0336766380049374,-2.6460896457856506,0.6574918859077095,757
0,1,1,0,-0.8591159298487523,-0.23179340394763193,0.5384734000279207,758
1,1,0,1,1.7252061524844071,0.1701430629890088,-1.0407107980493735,759
1,1,1,1,0.44733995741817906,0.5268219436473252,-0.5610962579416799,760
1,0,0,0,-0.011843062726612934,-0.0766588408446502,-1.6168258610222428,761
1,1,1,1,0.6704237386029618,-1.623508861676815,0.9119573231907796,762
1,0,0,0,-0.6023873079239264,-1.5974803136409723,-0.969757666734293,763
1,0,0,0,-1.1244774956265342,0.8036373091907576,0.3547694605360767,764
0,0,0,0,-0.09796930882030991,0.4509527564469256,-1.4195576484456762,765
1,1,0,1,-0.39967426171306986,-0.1410821763161875,0.5280437552841691,766
1,1,1,1,0.9024154043103187,-0.5562194910489664,1.6692323940641371,767
0,0,1,1,0.8913403237770494,0.2934734540361629,0.8656547315428843,768
1,1,0,0,0.5608199778296706,0.5993340729063139,1.3718895420218167,769
0,0,0,1,0.80525703339753,-0.566752804950653,-0.5246161893162513,770
1,1,1,1,-0.13621506898935287,-0.7480157569500511,1.727858725406108,771
1,1,1,1,-0.0966502591003819,0.9499628325546808,1.2906158899058948,772
0,0,0,0,-1.3288598768656401,-0.0977042937438946,-1.2288349226749198,773
1,1,1,0,0.6942189879528304,-0.4617082944698225,0.2845719213549012,774
0,0,0,1,-0.117878295900174,-1.4679180429765306,-1.4775281873995054,775
1,1,0,1,0.07119520425727262,0.6301654962133914,0.5229742168555133,776
0,1,0,0,-0.9294798869529548,-1.291943592324053,0.3660064383765789,777
0,0,0,0,0.31200831542410135,-0.856427019100174,-0.618635580416787,778
1,1,0,0,-0.4591302274933085,0.024984600778026264,1.3627108692092722,779
1,1,1,1,0.3657046228447766,1.523189338284383,0.013336357499273765,780
0,0,1,0,0.3948462271683214,-0.8984374229113626,-1.298285642576362,781
1,1,1,1,-1.2398226994680606,1.1547504541493103,1.6355520301993531,782
1,1,1,1,-0.4350412753110808,0.5048890586157384,-0.3733367152572137,783
0,0,0,0,-1.4978447929299028,0.20007350049042189,-0.2683691351943949,784
0,1,1,0,1.2210168408047297,0.1601391656497923,-0.5683912691081764,785
1,1,0,1,-0.890070247106926,1.4339568814512456,1.1453463484443414,786
0,1,0,1,2.503565806778233,-1.8223854366435326,0.9806637876084631,787
1,1,0,0,-0.0533870419934634,-0.264030611654782,-0.3648259141648773,788
0,0,0,0,1.678605742649363,-1.0675041670885386,-1.494203379836596,789
1,1,1,1,1.3903135046104922,0.8001015497565976,-1.2988229606269412,790
1,1,1,1,1.037355174658222,0.21468014729908255,-0.6734295896184075,791
0,0,0,0,-0.44801866442856136,-1.13887190528373,-0.36700861836437304,792
0,0,1,0,-1.2843365945560474,0.27145309326002226,0.45902542189171286,793
1,1,1,1,-0.39173287940647744,0.2503741203245339,0.27975887842126546,794
1,1,0,1,1.4473470321105943,0.64885395007462,1.7705948040762183,795
0,1,1,1,-0.15241874391316115,0.06218752925620412,-0.8559232772450982,796
0,0,0,0,-0.14971239132683192,-1.7487908163241084,-0.6054927852423746,797
1,1,0,0,0.21290564775005405,0.11380910356072095,0.5491561174724754,798
1,1,1,0,0.3648261218444763,1.499818280671267,1.2916050679947357,799
0,0,1,0,-1.4486550067067552,-1.3205360944648408,-1.3766597759256156,800
0,0,0,0,-0.770377475011624,0.7601797735142698,-0.37794681700409744,801
1,1,0,0,-0.703946104993184,0.040269031259880655,1.8150499667852729,802
1,1,1,1,0.17780715054318216,0.884251044453122,0.6999954584831872,803
1,1,1,1,-0.188932631992191,-0.16645167630892466,0.4568776800440177,804
1,1,0,1,0.8184618033672011,-2.0862130769092704,0.8705829941425691,805
1,1,1,1,1.9411386468758915,-0.723662963056748,0.7495835730950359,806
0,0,1,0,-1.016338759028003,0.9646806916777664,-1.1674686322890853,807
0,1,0,0,0.49793969391103776,0.13511922173116062,0.536265876000396,808
1,1,1,1,0.29583129288991067,1.0844906540023889,-1.1808133356332515,809
0,0,0,0,-3.044105738542036,0.08348551442128892,0.30329791618451085,810
0,0,0,0,-1.1240275509002915,0.5742795221842183,-0.1964287324689268,811
1,1,1,0,-0.3848743177709877,1.4622349921595124,0.9208260721472328,812
0,0,1,0,0.04406069225950508,-0.6165260655399009,-0.5668260583677567,813
1,0,0,0,-1.478337742897146,0.023129274490561545,-0.1404942801651992,814
1,1,0,0,0.3051430686689486,-1.1989941267871338,1.6453259765277546,815
0,0,1,0,-0.2749637876206162,-0.27465815801550253,-0.279895991440537,816
0,1,0,1,-0.5268910393857096,0.11697741851462327,-0.3948396338576365,817
0,0,1,0,0.49659277144079567,-1.325785659617891,0.8882606216899945,818
0,1,1,1,-1.6941404531211106,0.4290179940973383,0.2322327578004125,819
1,1,1,1,1.3770516507871855,0.9992249325312724,-0.5210509865903293,820
1,1,1,1,-0.060148671089224545,1.6710819546201916,-1.003098529750083,821
1,1,0,0,-0.26849887496840164,-1.130563108249216,1.528762014477695,822
1,1,1,1,1.2342783009058391,0.045130322233202465,0.2855611168076126,823
1,1,1,1,0.39369470414494234,1.6697851953592022,0.06672906854901166,824
1,0,1,0,-1.6018158247012904,0.03492956864234108,-0.08924794713119479,825
0,1,0,0,-1.2426129533122332,-1.3444520792396328,-1.816097557020976,826
1,1,0,0,-0.5849905416298794,-1.778381656537757,1.400956563668119,827
1,1,0,1,0.5945061677097947,2.264210215093478,0.8843412808327454,828
0,1,1,0,0.9181801471039703,0.140840333293912,-1.5486921906373021,829
0,0,1,0,0.018229358697565912,-0.7097049349835024,0.14693009969379375,830
1,1,1,1,-0.8574888468862684,-0.0037794194026658018,0.32648839987764183,831
0,0,0,0,-1.1054394398157115,-2.386014417338986,-1.470292096088712,832
0,0,1,0,0.09011249036548317,-0.6159892660322598,-1.199495030126869,833
0,1,0,1,-1.7956262353490462,1.2528901830283388,-0.9241545946688939,834
0,0,0,1,0.15221259008716093,-0.20286907977941743,-0.39756620660214254,835
0,0,0,1,-0.22036003601445972,-0.006203374593505382,0.3015899909466153,836
0,0,1,0,-1.7618111366536353,-0.19260322665706728,0.16316772297243085,837
1,1,1,1,0.2689990568843317,0.5828346743587087,0.41492820249310036,838
1,1,1,0,0.22485537836325228,-1.2307982225483032,0.6052755354815691,839
1,1,0,0,0.9984046090965819,0.4287859501160135,-0.9009042082125805,840
1,1,1,1,-0.14844696416011047,1.4581358229478494,1.8196285033202408,841
0,0,1,0,-0.9296181466325392,0.2621221527590604,-0.843462445197965,842
1,1,1,1,-0.9027133653019254,-0.2616375557330282,1.7752979848431427,843
0,0,0,0,1.1921944501510164,-0.7024817473094089,-2.2033550352437756,844
1,0,0,0,-0.3818899110559673,1.5341071533568444,-1.2552247281538051,845
1,1,0,0,0.23413041672179202,-1.4046108902187207,0.5851768498935567,846
0,0,1,0,-0.07825755538792704,-1.574178279543462,-1.1089709891820534,847
1,1,1,1,-0.14838978859371896,0.6427213957555398,1.9324195978470236,848
0,0,1,0,0.49117548553089346,-0.440896420850384,-1.7382546330386204,849
0,0,1,0,-1.5884970096192381,0.09796047666671069,-0.9403881367462154,850
0,0,0,0,0.2776042762191489,-2.513857232965283,0.46445120261932704,851
1,0,0,0,-1.4563734446729166,-1.0880363849523713,0.46123564650541793,852
1,0,1,0,-0.3694632005037763,-0.572670416627326,0.1256276879400441,853
1,1,1,0,1.6489097335200658,-1.2296930242845971,0.29872447246028855,854
1,1,1,1,1.3196989513031614,0.8370831345514911,-1.1387395872093085,855
0,0,0,0,-0.5364011069104495,-0.025299647362178098,0.6734913753424416,856
0,0,0,0,0.5129401397269816,0.3451593887437248,0.9449410277385866,857
1,1,1,0,1.4692319615245952,-0.1158975529832481,0.6005722984751231,858
0,1,0,0,-1.2628220893333548,0.19642406777578617,1.857464852332804,859
0,1,0,1,2.0019572370064473,-0.23140605127862854,-2.0616163079940693,860
0,0,0,1,0.13066905966525902,0.036731874615954604,-0.8537377236356458,861
0,0,1,0,0.19204081552463753,-0.5778390642605007,0.6048029751135224,862
1,1,1,1,1.1241438106351442,0.06618337103085987,0.2186037752709845,863
1,1,1,1,-0.8860323149602067,1.434257004181016,0.21905190190187016,864
1,0,0,0,0.4895418588571647,-1.249245687840166,-0.39696834234910106,865
1,1,1,1,-0.07639614074347495,0.9123861838828304,0.09498519928407291,866
1,1,0,1,0.2766832770184225,1.3139053133630594,0.8253449128681283,867
1,1,1,1,0.6116424668470704,0.5267248109688987,0.8287528689439263,868
0,1,0,0,1.35589845657133,-0.854011534404112,-0.46933251948278853,869
1,1,1,1,-0.963727153233603,-0.5607460010908709,1.0121827977602937,870
1,1,1,1,0.5134514494895197,-0.7041585647868233,-0.9724818734360243,871
0,0,1,0,-0.8247653746006891,1.0910315342309589,-0.45742768996300176,872
1,0,0,0,-1.6046965191596174,-0.397263654237271,1.6626282022991288,873
0,0,0,0,0.1536785439478797,-1.152959655995178,-0.47164438392526037,874
1,1,1,1,-2.182428865955188,1.012651269419453,0.8072530024586068,875
1,1,1,1,1.634938703805166,1.0591860444488743,-0.6380135853943055,876
1,1,0,0,-0.5213172987393568,-0.9908416208004523,-0.36935204429815593,877
1,1,0,1,-0.8118664704172506,-0.6468523974616521,0.8816608880877566,878
0,1,0,1,-1.6533986333791248,0.7077035812126982,-1.7274232124586528,879
1,0,0,0,-0.9074466810556414,-0.3821198655404497,0.451625811179717,880
1,1,1,1,0.18223697908869158,-0.8359932650524231,2.730916979372668,881
1,1,1,0,0.8150576381943678,0.23229157142139797,-0.3277953834428283,882
1,1,1,1,2.2626820671058328,1.7881556449117784,1.2134786137200493,883
1,1,1,1,-0.3228467605111357,0.7216896000138769,0.7230110007667011,884
1,1,1,0,1.1671827300595023,1.1561991469401567,1.3048920089989327,885
1,1,1,1,-0.9808329273301838,0.234463677599092,0.16102687114858819,886
1,1,1,0,0.7991778141382665,0.6902378399454747,0.3672120498576021,887
1,1,0,1,-0.9029176281088087,-0.12010695089461025,0.2618908906131338,888
0,1,1,0,-0.9138920402765256,0.24182595073354252,-1.3970572434583437,889
1,1,1,1,1.0347171214137727,-1.1593721538128146,-0.22725078230219659,890
0,1,0,1,0.4034556857086259,0.6803779776531267,0.3054450815099852,891
0,1,0,0,-0.9442119216545884,0.06867245583125314,-1.1002824033749747,892
0,1,1,1,0.2962942376761765,-1.0982832126176827,-0.9176191096643511,893
0,0,0,0,-0.7974148474219127,-1.625251529346298,-1.648396722943436,894
1,0,0,0,-0.5712039499187871,0.6237871917331457,-0.2561383878987878,895
0,1,0,0,0.6280571008908603,-0.9782077820511497,-1.323268722773143,896
1,1,1,0,-0.259130678023497,-0.008620452824942284,0.42507081023731424,897
1,1,1,1,-0.6514386847507273,0.8841005503465257,0.11422631002616294,898
1,1,1,1,-0.7346571399176908,0.26924274600667103,0.09530151337396903,899
0,1,1,0,-0.7510118776357235,-0.02147514397968567,0.13117449587647104,900
0,0,1,0,-1.0376429663865054,0.3385872020677438,0.47393335389913466,901
0,1,0,1,-1.3051513817042013,-0.12469606082189238,-1.641110488655283,902
0,0,1,0,0.8236408367675884,-0.9015372847132603,0.8904791879598196,903
1,1,0,1,0.7476623619361957,0.73057301717206,1.0922983770966854,904
1,1,1,0,1.9618868792756308,0.9865804114210402,0.7847266242957797,905
1,1,0,0,-1.8250784715668236,0.7060510261365193,0.3438028214557233,906
1,0,1,0,0.45346348462843517,-0.26004945051891554,-0.8055377974388026,907
0,0,1,0,0.12541237741660274,-1.223082277750601,-0.19115128538621104,908
1,1,1,0,0.9012579113093523,1.5172971261983124,-0.33005965998915493,909
1,1,1,0,0.20639474793726448,2.0735976033407315,-0.017607497744462006,910
1,1,1,1,1.652241464112098,1.5668278613141484,1.0931690648755172,911
1,1,0,0,-0.029019360415308552,-0.4289942814617258,-0.9982141514077034,912
1,1,1,1,1.2333309208304357,0.8063323444355832,-0.2465700921123716,913
1,1,0,1,1.2104626663318019,1.4270339418295213,-0.7433571509873588,914
1,1,0,0,-0.15605638828650817,-1.3816348205606563,1.8832721117980036,915
1,1,1,1,-0.3246107068085797,1.0406886778227855,0.7804057214149813,916
1,0,0,0,0.3096250955095664,-0.2938578344763933,-0.14747400885435116,917
0,1,0,1,1.0231662608631953,-0.17857122160892985,-1.383343534052094,918
0,0,0,0,-0.3485881073645955,-0.43129855274983314,0.6557362085709494,919
0,0,0,0,1.1779041485808206,-2.4541249873089632,-1.2602641306500242,920
1,1,1,1,1.0982335022799352,-0.10800315635870143,1.1788578137314523,921
0,0,0,0,-0.2794457441808766,-0.4348980152766478,-1.7968464748378303,922
1,1,1,1,0.7770986743513905,0.5854511506776873,1.1632215308179794,923
0,0,0,0,-2.1071730323899303,-2.186587641513385,0.7773133257947289,924
1,0,0,0,0.3178400196054766,-0.3586584528509525,-0.6899101712429078,925
1,1,1,1,0.7690422906274105,-0.2646711241592492,-1.0038454312772713,926
0,1,0,1,-0.9799178311166858,0.24972846201469354,0.33733683098210193,927
1,1,1,0,0.08755603379045841,1.4109595822287302,0.4970214505000832,928
1,0,0,0,-0.900135763587784,0.011012614539159917,-0.3335648149084183,929
1,1,0,1,-0.15137768467874588,-0.29289370248391766,1.4686634533579144,930
0,1,0,0,-0.20817500532156796,1.1189157374452732,-2.0087806601150446,931
1,1,0,1,-0.329457108794145,-0.5485654855000359,0.5348602601189382,932
1,1,0,1,0.08112661284899463,0.180368069448783,1.1512124216471926,933
1,1,1,1,0.5625460081801941,-0.34347416787070534,0.4012729996028702,934
1,1,1,1,-0.5854905193977552,0.3429091539683883,-0.0685403967001727,935
1,1,1,1,0.8821337111056815,0.8251433404288231,-0.4404609453722049,936
0,1,0,0,0.3847490247269172,-1.3163859145668257,-0.35425027612942694,937
1,0,0,0,-0.06765327631434126,-2.1317595699774223,-0.7072243510089169,938
0,1,0,1,-0.041773687422710225,0.03631264834526322,-0.04334453644633566,939
1,0,1,0,-0.28983606770499065,-0.18297780923524426,-0.3602611575343944,940
1,0,0,0,0.23313174816415946,0.7352037711940428,-0.6047612611919965,941
1,1,1,1,0.717869932595784,2.221127888692063,-0.35579361384474956,942
1,1,1,0,1.2124793558982638,1.0987460543836594,1.5090562566632075,943
0,0,0,0,-0.5283294483635388,-0.07022852441354409,-0.6726234950949374,944
1,1,1,1,1.0624142759658162,1.3122665878377826,0.32911199023516796,945
1,0,0,0,-0.4489344400434527,-0.4781655537544143,1.4011224486819318,946
0,0,1,0,-0.4019686262593529,-0.566720775763026,0.5495902076750309,947
1,1,0,0,0.5604642683034905,-0.5484544282330677,1.3168535279822824,948
0,0,0,0,-0.08301468132740636,-0.5253186053109584,-1.631299807262487,949
1,1,1,1,1.3436071550560824,0.4477668630678064,0.44517751783785064,950
1,1,1,1,0.015638146998154346,-0.08238422640694508,1.533584127752984,951
0,0,1,1,-0.9162355617529084,0.44097195333064687,-0.05601771591677977,952
1,1,0,0,-1.102358542638322,1.017860478333813,0.05199194840800283,953
0,0,1,0,1.3116297512165471,-2.2644859682548524,-1.1023381877670972,954
1,1,1,0,1.2086792151900447,0.8574189374272534,-0.8818471876703039,955
0,0,0,0,-0.23100659980155472,-0.29165621394073526,0.2959409981262563,956
1,1,0,1,0.6043542138102059,-0.19382519206824605,1.0225294432853873,957
1,0,0,0,0.01769318133126268,0.5171909999417058,-0.1307471286247485,958
1,1,1,1,1.3303354761641788,-0.4949853414253895,0.7511121381851821,959
0,0,1,0,-2.185789166483425,-1.0914657067766276,0.7682697581662218,960
0,1,0,1,-0.6604836285090478,1.1430087316707016,-0.3095958061875173,961
0,1,0,0,-0.6578391778844278,-0.33350841043544055,-0.986405706780004,962
0,0,0,0,-2.0026851081874546,-1.0426124062960025,-0.7265688482649517,963
1,1,1,1,0.5328627026221686,1.0859107493775155,-1.2407111104258706,964
1,1,0,0,0.6601553075350112,-0.30095012392485543,-0.8715064890615144,965
1,1,1,1,0.44457715126834174,1.6418168318826591,0.39672279094241303,966
1,1,0,1,-1.0738975577107943,2.0183809266615143,-2.2595720513678046,967
1,1,0,1,-0.0403566437952115,-0.6847485478241083,0.49833663875577217,968
0,0,0,0,-0.10418744379156661,-0.5147875112994075,-1.2031049187756253,969
1,1,0,1,1.6869370908052568,1.2850190907682164,0.5645981879052905,970
1,1,1,1,0.4494777182047688,0.305514955328303,0.5561405533873827,971
0,0,0,0,-0.9610621129931772,-1.3572161124429243,-0.3685397413333084,972
1,1,1,1,-0.13278075986282029,3.373339213923578,-1.019654674386002,973
0,0,1,0,-0.5604657743570634,-0.4271414953120891,-0.8528041970138727,974
1,0,0,0,-1.15502239223519,-1.391894054483241,-0.24962482350615753,975
1,1,1,1,-2.26657528156351,-0.005206038330702241,0.9626842695021498,976
1,1,1,1,1.4021958761931463,1.1314125188596527,0.8610939537237915,977
0,0,1,1,-0.22231444509778367,-1.3738931115245143,-0.029522829384995758,978
1,1,1,1,0.42174138284363305,1.4953857398992931,1.4420069474528256,979
1,1,1,1,2.000563537515377,1.234867519475586,1.148573346494682,980
1,1,0,0,-1.9399852065655316,0.02675652463542408,0.36567491395753315,981
1,1,1,0,-1.2816866513850915,1.3903508174243215,1.4301078491837713,982
1,1,1,1,0.32577808386045987,1.097954007449872,-1.0822037005885983,983
1,1,1,1,1.1763011451682943,0.6146489525275767,-0.500505383387971,984
0,0,0,0,-0.4368173780963054,-2.510929215578172,-0.7246095131497831,985
0,0,0,1,-1.6187221907806941,-1.121458297139521,2.020895089982044,986
1,1,1,1,-0.5708677076579687,1.4911311652101593,0.9647943827855264,987
0,0,0,1,-2.0011254775479843,-0.06672521014738622,0.16680018797081717,988
0,1,0,1,-0.28463264953662765,0.09985313074980687,-0.3488098678629718,989
1,0,0,0,-0.6491012520079164,-1.779531572652092,-0.6171539338320459,990
0,0,1,0,0.10560679814906718,1.5095209190950116,0.2283861147024831,991
0,1,1,0,0.13949816551075525,-0.8369029650059503,-0.6759248972098794,992
1,1,0,0,-0.49773414535477967,-0.8219484446215212,0.26440491155949747,993
0,0,1,0,2.6203777893076574,-1.7042529489273879,0.06677377103479273,994
1,1,1,1,-0.5733906921735905,0.01982531648057543,-1.2453386122068175,995
0,0,0,0,-1.60852616545615,0.374640713477569,-0.2505294906447725,996
1,1,0,0,-0.6903181605000007,-0.9872840556064597,-0.611082592908633,997
1,1,1,1,-0.41977346680491273,-0.69772028996759,1.9230984582037034,998
0,0,0,1,0.6567904176560295,1.3343717271341824,0.40223522186706634,999
1,1,0,0,-0.5937372420964053,1.8371323987248414,0.03289176573693318,1000
